檔名,所屬場次,內容類型,來源,預定用途,授權狀態,備註
w1-central-book-day.jpg,台中場,場域空間（無人像）,使用者提供活動照片,workshop.html 封面圖,已確認可用,中央書局日間外觀
w1-central-book-night.jpg,台中場,場域空間（無人像）,使用者提供活動照片,workshop.html 相片集,已確認可用,中央書局夜間外觀
w1-fusion-interior.jpg,台中場,場域空間（無人像）,使用者提供活動照片,workshop.html 相片集,已確認可用,富興工廠1962室內
w1-fusion-mt-tape.jpg,台中場,活動花絮（手作物件，無人臉特寫）,使用者提供活動照片,workshop.html 相片集,已確認可用,紙膠帶拼貼明信片手作；使用者說明「計畫拍的，有說會供計畫成果使用」
w1-speaker-xu.jpg,台中場,講者官方肖像,官方手冊,workshop.html 講者卡片,已確認可用（官方手冊肖像）,許清皓；裁切避開手冊對話泡泡裝飾
line-central-book.svg,台中場,場域線稿（去背向量圖）,官方手冊插畫線稿再製,workshop.html 場域卡片／路徑帶,已確認可用,由手冊建築插畫以 potrace 向量化
line-fusion-1962.svg,台中場,場域線稿（去背向量圖）,官方手冊插畫線稿再製,workshop.html 場域卡片／路徑帶,已確認可用,由手冊建築插畫以 potrace 向量化
DSC08073.jpg,台中場,講者候選照（人像特寫）,使用者提供活動照片,不使用,不使用,已有官方肖像可用，改用手冊肖像取代
w2-tianzhong-sign.jpg,彰化場,場域空間（無人像）,使用者提供活動照片,workshop.html 封面圖,已確認可用,田中窯創藝園區招牌
w2-shaomao-walk.jpg,彰化場,場域空間（含遠景路人）,使用者提供活動照片,workshop.html 相片集,已確認可用（已裁切）,窯燒貓村巷弄；裁切移除前景可辨識路人
w2-pottery-hands.jpg,彰化場,活動花絮（手部特寫，無臉部）,使用者提供活動照片,workshop.html 相片集,已確認可用,陶藝手拉胚體驗
w2-works.jpg,彰化場,場域空間／作品（無人像）,使用者提供活動照片,workshop.html 相片集,已確認可用,陶藝作品展示
w2-speaker-yeh.jpg,彰化場,講者官方肖像,官方手冊,workshop.html 講者卡片,已確認可用（官方手冊肖像）,葉志誠；裁切避開手冊對話泡泡裝飾
w2-speaker-ho.jpg,彰化場,講者官方肖像,官方手冊,workshop.html 講者卡片,已確認可用（官方手冊肖像）,何美慧；裁切避開手冊對話泡泡裝飾
w2-speaker-huang.jpg,彰化場,講者官方肖像,官方手冊,workshop.html 講者卡片,已確認可用（官方手冊肖像）,黃琪；裁切避開手冊對話泡泡裝飾
line-tianzhong.svg,彰化場,場域線稿（去背向量圖）,官方手冊插畫線稿再製,workshop.html 場域卡片,已確認可用,由手冊建築插畫以 potrace 向量化；窯燒貓村（三民社區）無官方線稿故不製作
DSC08940.jpg,彰化場,活動花絮候選照,使用者提供活動照片,不使用,不使用,與其他照片內容過於重複
DSC08998.jpg,彰化場,活動花絮候選照,使用者提供活動照片,不使用,不使用,人物可辨識疑慮，改用其他替代照片
入口全景.jpg,雲林×南投場,場域空間（無人像）,使用者提供活動照片（電腦桌面資料夾）,workshop.html 封面圖,已確認可用,雲林記憶COOL入口全景
DSC09584.jpg,雲林×南投場,場域空間（含背影參與者）,使用者提供活動照片（電腦桌面資料夾）,workshop.html 相片集,已確認可用,毓繡美術館招牌前；2位參與者皆背對鏡頭且一人戴口罩，無法辨識身分
DSC09765.jpg,雲林×南投場,場域空間（無人像）,使用者提供活動照片（電腦桌面資料夾）,workshop.html 相片集,已確認可用,甜蜜蜜大飯店和室用餐空間
DSC09852.jpg,雲林×南投場,活動花絮（食物特寫，無人像）,使用者提供活動照片（電腦桌面資料夾）,workshop.html 相片集,已確認可用,文學冰品品嘗
DSC09915.jpg,雲林×南投場,場域活動（投影畫面／觀眾背影剪影）,使用者提供活動照片（電腦桌面資料夾）,workshop.html 相片集,已確認可用,林淑娥主題分享投影片畫面，觀眾僅呈現逆光剪影／背影，無法辨識身分
w3-speaker-lin.jpg,雲林×南投場,講者肖像,使用者提供原始數位照片（畫質優於手冊掃描版，同一張照片),workshop.html 講者卡片,已確認可用,林淑娥；背景另一位人士為遠景側身、對焦模糊，無法辨識身分
w3-yuhsiu-facade.jpg,雲林×南投場,場域空間（無人像）,使用者提供活動照片（電腦桌面資料夾，補充照片）,workshop.html 相片集,已確認可用,毓繡美術館建築正面全景；遠處一名行人極小且不可辨識
w3-yuhsiu-shop.jpg,雲林×南投場,場域空間（無人像）,使用者提供活動照片（電腦桌面資料夾，補充照片）,workshop.html 相片集,已確認可用,毓繡美術館庭園與文創商店空間
w3-yuhsiu-art-walking.jpg,雲林×南投場,園區公共藝術（藝術家林良材作品《行走》）,使用者提供活動照片（電腦桌面資料夾，補充照片）,暫不使用,暫不使用,無可辨識人物，但屬有署名藝術家之公共藝術作品，是否於網站刊登需另行確認是否需標註或取得授權，待使用者確認
w3-yuhsiu-art-crawling.jpg,雲林×南投場,園區公共藝術（藝術家盧嬿宇作品《蠕行》）,使用者提供活動照片（電腦桌面資料夾，補充照片）,暫不使用,暫不使用,無可辨識人物，但屬有署名藝術家之公共藝術作品，是否於網站刊登需另行確認是否需標註或取得授權，待使用者確認
w3-sweet-tatami-room.jpg,雲林×南投場,場域空間（無人像）,使用者提供活動照片（電腦桌面資料夾，補充照片）,備用（未放入頁面）,已確認可用,甜蜜蜜大飯店另一和室空間；與已使用的 w3-sweet-diner.jpg 場景相近，暫留作備用
line-yuhsiu.svg,雲林×南投場,場域線稿（去背向量圖）,官方手冊插畫線稿再製,workshop.html 場域卡片／路徑帶,已確認可用,毓繡美術館；由手冊建築插畫以 potrace 向量化
line-yunlin-memory-cool.svg,雲林×南投場,場域線稿（去背向量圖）,官方手冊插畫線稿再製,workshop.html 場域卡片／路徑帶,已確認可用,雲林記憶COOL；由手冊建築插畫以 potrace 向量化
DSC00243.jpg,雲林×南投場,活動花絮候選照,使用者提供活動照片（電腦桌面資料夾）,不使用,不使用,玻璃反射中可清楚辨識多位在場人員面容，涉及隱私
DSC09582.jpg,雲林×南投場,場域空間候選照,使用者提供活動照片（電腦桌面資料夾）,不使用,不使用,與 DSC09584 同場景，內容重複，已擇一使用
DSC09583.jpg,雲林×南投場,場域空間候選照,使用者提供活動照片（電腦桌面資料夾）,不使用,不使用,與 DSC09582/DSC09584 同場景，內容重複
DSC09822.jpg,雲林×南投場,場域空間候選照,使用者提供活動照片（電腦桌面資料夾）,不使用,不使用,與 DSC09765 同場景（和室用餐空間），內容重複，已擇一使用
w4-tea-factory-facade.jpg,南投場,場域空間（無人像）,使用者提供活動照片（電腦桌面資料夾，含日月老茶廠官方浮水印）,workshop.html 封面圖,已確認可用,日月老茶廠建築外觀
w4-tea-pour.jpg,南投場,活動花絮（手部動作，無臉部）,使用者提供活動照片（電腦桌面資料夾）,workshop.html 相片集,已確認可用,茶文化五感體驗－品飲
w4-tea-leaves.jpg,南投場,場域細節（無人像）,使用者提供活動照片（電腦桌面資料夾）,workshop.html 相片集,已確認可用,茶葉特寫，與官方手冊同張照片
w4-tea-machine.jpg,南投場,場域空間（無人像）,使用者提供活動照片（電腦桌面資料夾）,workshop.html 相片集,已確認可用,老茶廠製茶機具，與官方手冊同張照片
w4-diy-silkscreen.jpg,南投場,活動花絮（手部動作，無臉部）,使用者提供活動照片（電腦桌面資料夾）,workshop.html 相片集,已確認可用,茶袋絹印DIY
w4-poster-wall.jpg,南投場,場域活動（含背影參與者）,使用者提供活動照片（電腦桌面資料夾）,workshop.html 相片集,已確認可用,活動海報張貼於現場；2位參與者皆背對鏡頭且遠景，無法辨識身分
w4-speaker-tang.jpg,南投場,講者肖像,使用者提供原始數位照片,workshop.html 講者卡片,已確認可用,唐麗芳；單人肖像，畫面乾淨無其他人物
w4-speaker-zhao.jpg,南投場,講者肖像,使用者提供原始數位照片（個人簡歷檔案）,workshop.html 講者卡片,已確認可用,趙佳祥；單人肖像，畫面乾淨無其他人物
line-sun-moon-tea.svg,南投場,場域線稿（去背向量圖）,官方手冊插畫線稿再製,workshop.html 場域卡片,已確認可用,日月老茶廠；由手冊建築插畫以 potrace 向量化
echo-check-basemap.jpg,地方回聲（共同紀錄）,現場紀錄照（背影／手部特寫，無可辨識人臉）,使用者提供活動照片（電腦桌面「地方回聲」資料夾）,echo.html 現場紀錄區塊,已確認可用,參與者對照百大文化基地一覽表；僅拍攝手部與背影
echo-sketch-notes.jpg,地方回聲（共同紀錄）,現場紀錄照（背影／手部特寫，無可辨識人臉）,使用者提供活動照片（電腦桌面「地方回聲」資料夾）,echo.html 現場紀錄區塊,已確認可用,參與者在地方回聲紀錄頁上手繪筆記；僅拍攝手部與背影
echo-phone-notes.jpg,地方回聲（共同紀錄）,現場紀錄照（背影／手部特寫，無可辨識人臉）,使用者提供活動照片（電腦桌面「地方回聲」資料夾）,echo.html 現場紀錄區塊,已確認可用,參與者一邊參考手機資料一邊填寫紀錄頁；僅拍攝手部與背影
echo-handwrite-notes.jpg,地方回聲（共同紀錄）,現場紀錄照（背影／手部特寫，無可辨識人臉）,使用者提供活動照片（電腦桌面「地方回聲」資料夾）,echo.html 現場紀錄區塊,已確認可用,參與者手寫填寫地方回聲01參訪觀察；僅拍攝手部與背影
09 共創頁01.png / 09 共創頁02.png,地方回聲（共同紀錄）,官方手冊空白紀錄頁掃描,使用者提供官方手冊素材（電腦桌面「地方回聲」資料夾）,僅作內容比對參考,不上網站,確認 echo.html 既有四子題文字與官方手冊一致，未作為網頁圖片使用
futures-ring-drawing.jpg,打開地方未來式（年輪工作坊）,現場紀錄照（手部特寫，無可辨識人臉）,使用者提供活動照片（桌面「打開地方未來式」資料夾，原檔 DSC00807.jpg）,futures.html 現場紀錄區塊,已確認可用,參與者以蠟筆畫下年輪；僅拍攝手部
futures-rings-four.jpg,打開地方未來式（年輪工作坊）,場域桌面（原始照片上緣裁除，移除可辨識姓名名牌與參與者身體）,使用者提供活動照片（桌面「打開地方未來式」資料夾，原檔 DSC00812.jpg，已裁切）,futures.html 現場紀錄區塊,已確認可用,四張不同顏色的年輪圖並置；原圖上緣有清楚可辨識姓名的識別證，已裁切移除
futures-ring-notes.jpg,打開地方未來式（年輪工作坊）,現場紀錄照（手部特寫，無可辨識人臉）,使用者提供活動照片（桌面「打開地方未來式」資料夾，原檔 DSC00818.jpg）,futures.html 現場紀錄區塊,已確認可用,年輪圖上貼著手寫關鍵字便條；僅拍攝手部
futures-cocreate.jpg,打開地方未來式（年輪工作坊）,現場紀錄照（側臉遭帽緣與手臂遮擋，五官不可辨識）,使用者提供活動照片（桌面「打開地方未來式」資料夾，原檔 DSC00836.jpg）,futures.html 現場紀錄區塊,已確認可用,參與者共同繪製彩色圖像；臉部大部分被帽子與手臂遮擋，使用者已複核同意使用
